"genus","species","scientificName","decimalLatitude","decimalLongitude"
"Rhipsalis","Rhipsalis floccosa","Rhipsalis floccosa Salm-Dyck ex Pfeiff.",-19.956667,-40.543611
"Rhipsalis","Rhipsalis floccosa","Rhipsalis floccosa Salm-Dyck ex Pfeiff.",-22.335556,-44.518056
"Rhipsalis","Rhipsalis floccosa","Rhipsalis floccosa subsp. pulvinigera (G.Lindb.) Barthlott & N.P.Taylor",-22.916667,-43.2
"Rhipsalis","Rhipsalis floccosa","Rhipsalis floccosa Salm-Dyck ex Pfeiff.",-18.133333,-63.683333
"Rhipsalis","Rhipsalis floccosa","Rhipsalis floccosa Salm-Dyck ex Pfeiff.",-18.2,-64.2
"Rhipsalis","Rhipsalis floccosa","Rhipsalis floccosa Salm-Dyck ex Pfeiff.",-19.916667,-43.566667
"Rhipsalis","Rhipsalis floccosa","Rhipsalis floccosa Salm-Dyck ex Pfeiff.",-13.533333,-41.966667
"Rhipsalis","Rhipsalis floccosa","Rhipsalis floccosa Salm-Dyck ex Pfeiff.",3.6,-56.5
"Rhipsalis","Rhipsalis floccosa","Rhipsalis floccosa subsp. hohenauensis (F.Ritter) Barthlott & N.P.Taylor",-25.483333,-56.183333
"Rhipsalis","Rhipsalis floccosa","Rhipsalis floccosa Salm-Dyck ex Pfeiff.",-18.063889,-63.916667
"Rhipsalis","Rhipsalis floccosa","Rhipsalis floccosa Salm-Dyck ex Pfeiff.",-8.183333,-36.4
"Rhipsalis","Rhipsalis floccosa","Rhipsalis floccosa subsp. tucumanensis (F.A.C.Weber) Barthlott & N.P.Taylor",-18.383333,-63.933334
"Rhipsalis","Rhipsalis floccosa","Rhipsalis floccosa Salm-Dyck ex Pfeiff.",-13.283333,-41.883334
"Rhipsalis","Rhipsalis floccosa","Rhipsalis floccosa Salm-Dyck ex Pfeiff.",-11.933334,-38.5
"Rhipsalis","Rhipsalis floccosa","Rhipsalis floccosa Salm-Dyck ex Pfeiff.",-11.25,-37.266667
"Rhipsalis","Rhipsalis floccosa","Rhipsalis floccosa Salm-Dyck ex Pfeiff.",-13.516667,-41.966667
"Rhipsalis","Rhipsalis floccosa","Rhipsalis floccosa Salm-Dyck ex Pfeiff.",-9.05,-36.483333
"Rhipsalis","Rhipsalis floccosa","Rhipsalis floccosa Salm-Dyck ex Pfeiff.",-11.683333,-41.333333
"Rhipsalis","Rhipsalis floccosa","Rhipsalis floccosa Salm-Dyck ex Pfeiff.",-12.6,-41.433333
"Rhipsalis","Rhipsalis floccosa","Rhipsalis floccosa Salm-Dyck ex Pfeiff.",-27.05,-51.75
"Rhipsalis","Rhipsalis floccosa","Rhipsalis floccosa Salm-Dyck ex Pfeiff.",-22.4,-64.716667
"Rhipsalis","Rhipsalis floccosa","Rhipsalis floccosa Salm-Dyck ex Pfeiff.",-25.758333,-51.178889
"Rhipsalis","Rhipsalis floccosa","Rhipsalis floccosa Salm-Dyck ex Pfeiff.",-11.991389,-40.999167
"Rhipsalis","Rhipsalis floccosa","Rhipsalis floccosa Salm-Dyck ex Pfeiff.",-13.759167,-41.758056
"Rhipsalis","Rhipsalis floccosa","Rhipsalis floccosa Salm-Dyck ex Pfeiff.",-12.4975,-39.483889
"Rhipsalis","Rhipsalis floccosa","Rhipsalis floccosa Salm-Dyck ex Pfeiff.",-13.883333,-41.883333
"Rhipsalis","Rhipsalis floccosa","Rhipsalis floccosa Salm-Dyck ex Pfeiff.",-12.545556,-40.536667
"Rhipsalis","Rhipsalis floccosa","Rhipsalis floccosa Salm-Dyck ex Pfeiff.",-17.320278,-39.332778
"Rhipsalis","Rhipsalis floccosa","Rhipsalis floccosa Salm-Dyck ex Pfeiff.",-24.566389,-50.259167
"Rhipsalis","Rhipsalis floccosa","Rhipsalis floccosa Salm-Dyck ex Pfeiff.",-23.852778,-46.465556
"Rhipsalis","Rhipsalis floccosa","Rhipsalis floccosa Salm-Dyck ex Pfeiff.",-23.824167,-46.941667
"Rhipsalis","Rhipsalis floccosa","Rhipsalis floccosa Salm-Dyck ex Pfeiff.",-28.080308,-65.579537
"Rhipsalis","Rhipsalis floccosa","Rhipsalis floccosa Salm-Dyck ex Pfeiff.",-23.829745,-64.789465
"Rhipsalis","Rhipsalis floccosa","Rhipsalis floccosa Salm-Dyck ex Pfeiff.",-22.711884,-47.634417
"Rhipsalis","Rhipsalis floccosa","Rhipsalis floccosa Salm-Dyck ex Pfeiff.",-25.362275,-49.258256
"Rhipsalis","Rhipsalis floccosa","Rhipsalis floccosa Salm-Dyck ex Pfeiff.",-26.096944,-51.879167
"Rhipsalis","Rhipsalis floccosa","Rhipsalis floccosa subsp. pulvinigera (G.Lindb.) Barthlott & N.P.Taylor",-20.408056,-43.508056
"Rhipsalis","Rhipsalis floccosa","Rhipsalis floccosa subsp. tucumanensis (F.A.C.Weber) Barthlott & N.P.Taylor",-26.234847,-65.494928
"Rhipsalis","Rhipsalis floccosa","Rhipsalis floccosa Salm-Dyck ex Pfeiff.",-19.3,-43.583333
"Rhipsalis","Rhipsalis floccosa","Rhipsalis floccosa Salm-Dyck ex Pfeiff.",-13.183333,-41.966667
"Rhipsalis","Rhipsalis floccosa","Rhipsalis pittieri Britton & Rose",9.433333,-69.9
"Rhipsalis","Rhipsalis floccosa","Rhipsalis floccosa subsp. floccosa",-15.793333,-39.277222
"Rhipsalis","Rhipsalis floccosa","Rhipsalis floccosa Salm-Dyck ex Pfeiff.",-21.600556,-44.579722
"Rhipsalis","Rhipsalis floccosa","Rhipsalis floccosa subsp. pulvinigera (G.Lindb.) Barthlott & N.P.Taylor",-15.718889,-39.058333
"Rhipsalis","Rhipsalis floccosa","Rhipsalis floccosa Salm-Dyck ex Pfeiff.",-21.608611,-44.597222
"Rhipsalis","Rhipsalis floccosa","Rhipsalis floccosa subsp. pulvinigera (G.Lindb.) Barthlott & N.P.Taylor",-20.431389,-43.489167
"Rhipsalis","Rhipsalis floccosa","Rhipsalis floccosa Salm-Dyck ex Pfeiff.",-22.441111,-44.621111
"Rhipsalis","Rhipsalis floccosa","Rhipsalis floccosa Salm-Dyck ex Pfeiff.",-20.526944,-41.101667
"Rhipsalis","Rhipsalis floccosa","Rhipsalis floccosa Salm-Dyck ex Pfeiff.",-20.164167,-40.307222
"Rhipsalis","Rhipsalis floccosa","Rhipsalis floccosa Salm-Dyck ex Pfeiff.",-20.403889,-41.019167
"Rhipsalis","Rhipsalis floccosa","Rhipsalis floccosa Salm-Dyck ex Pfeiff.",-22.719444,-45.534444
"Rhipsalis","Rhipsalis floccosa","Rhipsalis floccosa Salm-Dyck ex Pfeiff.",-25.166303,-49.285081
"Rhipsalis","Rhipsalis floccosa","Rhipsalis floccosa subsp. tucumanensis (F.A.C.Weber) Barthlott & N.P.Taylor",-26.602561,-65.167957
"Rhipsalis","Rhipsalis floccosa","Rhipsalis floccosa Salm-Dyck ex Pfeiff.",-18.180033,-63.875617
"Rhipsalis","Rhipsalis floccosa","Rhipsalis floccosa subsp. tucumanensis (F.A.C.Weber) Barthlott & N.P.Taylor",-26.489393,-64.883009
"Rhipsalis","Rhipsalis floccosa","Rhipsalis floccosa Salm-Dyck ex Pfeiff.",-22.443303,-44.600945
"Rhipsalis","Rhipsalis floccosa","Rhipsalis floccosa Salm-Dyck ex Pfeiff.",-25.594911,-54.578961
"Rhipsalis","Rhipsalis floccosa","Rhipsalis floccosa Salm-Dyck ex Pfeiff.",-25.384849,-49.015133
"Rhipsalis","Rhipsalis floccosa","Rhipsalis floccosa Salm-Dyck ex Pfeiff.",-23.035286,-44.873722
"Rhipsalis","Rhipsalis floccosa","Rhipsalis floccosa Salm-Dyck ex Pfeiff.",-19.435059,-43.469758
"Rhipsalis","Rhipsalis floccosa","Rhipsalis floccosa subsp. tucumanensis (F.A.C.Weber) Barthlott & N.P.Taylor",-26.800948,-65.35671
"Rhipsalis","Rhipsalis floccosa","Rhipsalis floccosa Salm-Dyck ex Pfeiff.",-25.55874,-49.517462
"Rhipsalis","Rhipsalis floccosa","Rhipsalis floccosa Salm-Dyck ex Pfeiff.",-21.8125,-41.755278
"Rhipsalis","Rhipsalis floccosa","Rhipsalis floccosa Salm-Dyck ex Pfeiff.",-11.596389,-41.218056
"Rhipsalis","Rhipsalis floccosa","Rhipsalis floccosa Salm-Dyck ex Pfeiff.",-7.905833,-36.020556
"Rhipsalis","Rhipsalis floccosa","Rhipsalis floccosa Salm-Dyck ex Pfeiff.",-19.9075,-40.552778
"Rhipsalis","Rhipsalis floccosa","Rhipsalis floccosa Salm-Dyck ex Pfeiff.",-13.549722,-39.948333
"Rhipsalis","Rhipsalis floccosa","Rhipsalis floccosa subsp. oreophila N.P.Taylor & Zappi",-13.516667,-41.966667
"Rhipsalis","Rhipsalis floccosa","Rhipsalis floccosa subsp. oreophila N.P.Taylor & Zappi",-13.533333,-41.966667
"Rhipsalis","Rhipsalis floccosa","Rhipsalis floccosa Salm-Dyck ex Pfeiff.",-22.886667,22
"Rhipsalis","Rhipsalis floccosa","Rhipsalis floccosa Salm-Dyck ex Pfeiff.",-13.583611,13
"Rhipsalis","Rhipsalis floccosa","Rhipsalis floccosa subsp. tucumanensis (F.A.C.Weber) Barthlott & N.P.Taylor",-24.748636,-65.517753
"Rhipsalis","Rhipsalis floccosa","Rhipsalis floccosa subsp. tucumanensis (F.A.C.Weber) Barthlott & N.P.Taylor",-24.164353,-65.312062
"Rhipsalis","Rhipsalis floccosa","Rhipsalis floccosa Salm-Dyck ex Pfeiff.",-24.163585,-65.312095
"Rhipsalis","Rhipsalis floccosa","Rhipsalis floccosa subsp. tucumanensis (F.A.C.Weber) Barthlott & N.P.Taylor",-26.809319,-65.283194
"Rhipsalis","Rhipsalis floccosa","Rhipsalis floccosa subsp. floccosa",-14.440555,-40.006389
"Rhipsalis","Rhipsalis floccosa","Rhipsalis floccosa Salm-Dyck ex Pfeiff.",-27.326951,-58.954552
"Rhipsalis","Rhipsalis floccosa","Rhipsalis floccosa Salm-Dyck ex Pfeiff.",-25.396389,-49.305556
"Rhipsalis","Rhipsalis floccosa","Rhipsalis floccosa Salm-Dyck ex Pfeiff.",-25.625,-54.425
"Rhipsalis","Rhipsalis floccosa","Rhipsalis floccosa Salm-Dyck ex Pfeiff.",-24.100556,-50.706944
"Rhipsalis","Rhipsalis floccosa","Rhipsalis floccosa Salm-Dyck ex Pfeiff.",-13.291667,-41.902778
"Rhipsalis","Rhipsalis floccosa","Rhipsalis floccosa Salm-Dyck ex Pfeiff.",-15.647222,-42.739444
"Rhipsalis","Rhipsalis floccosa","Rhipsalis floccosa subsp. pulvinigera (G.Lindb.) Barthlott & N.P.Taylor",-19.971667,-40.591111
"Rhipsalis","Rhipsalis floccosa","Rhipsalis floccosa Salm-Dyck ex Pfeiff.",-19.955833,-40.140278
"Rhipsalis","Rhipsalis floccosa","Rhipsalis floccosa Salm-Dyck ex Pfeiff.",-20.950833,-40.808056
"Rhipsalis","Rhipsalis floccosa","Rhipsalis floccosa Salm-Dyck ex Pfeiff.",-20.306111,-40.326667
"Rhipsalis","Rhipsalis floccosa","Rhipsalis floccosa Salm-Dyck ex Pfeiff.",-26.366589,-52.861911
"Rhipsalis","Rhipsalis floccosa","Rhipsalis floccosa Salm-Dyck ex Pfeiff.",-22.963889,-43.256667
"Rhipsalis","Rhipsalis floccosa","Rhipsalis floccosa Salm-Dyck ex Pfeiff.",-23.99,-52.226389
"Rhipsalis","Rhipsalis floccosa","Rhipsalis floccosa Salm-Dyck ex Pfeiff.",-25.9425,-50.495833
"Rhipsalis","Rhipsalis floccosa","Rhipsalis floccosa subsp. tucumanensis (F.A.C.Weber) Barthlott & N.P.Taylor",-24.099294,-64.399454
"Rhipsalis","Rhipsalis floccosa","Rhipsalis floccosa Salm-Dyck ex Pfeiff.",-23.817044,-64.799778
"Rhipsalis","Rhipsalis floccosa","Rhipsalis floccosa subsp. tucumanensis (F.A.C.Weber) Barthlott & N.P.Taylor",-24.16537,-65.310178
"Rhipsalis","Rhipsalis floccosa","Rhipsalis floccosa subsp. tucumanensis (F.A.C.Weber) Barthlott & N.P.Taylor",-23.682219,-64.901536
"Rhipsalis","Rhipsalis floccosa","Rhipsalis floccosa Salm-Dyck ex Pfeiff.",-25.5497,-49.236461
"Rhipsalis","Rhipsalis floccosa","Rhipsalis floccosa Salm-Dyck ex Pfeiff.",-26.889368,-59.017535
"Rhipsalis","Rhipsalis floccosa","Rhipsalis floccosa Salm-Dyck ex Pfeiff.",-26.749813,-49.466711
"Rhipsalis","Rhipsalis floccosa","Rhipsalis floccosa subsp. pulvinigera (G.Lindb.) Barthlott & N.P.Taylor",-25.385137,-49.01531
"Rhipsalis","Rhipsalis floccosa","Rhipsalis floccosa Salm-Dyck ex Pfeiff.",-22.987342,-46.805345
"Rhipsalis","Rhipsalis floccosa","Rhipsalis floccosa subsp. floccosa",-7.973991,-34.98833
"Rhipsalis","Rhipsalis floccosa","Rhipsalis floccosa subsp. tucumanensis (F.A.C.Weber) Barthlott & N.P.Taylor",-27.039472,-54.134589
"Rhipsalis","Rhipsalis floccosa","Rhipsalis floccosa Salm-Dyck ex Pfeiff.",-29.426703,-50.388372
"Rhipsalis","Rhipsalis floccosa","Rhipsalis floccosa Salm-Dyck ex Pfeiff.",-29.424758,-50.386739
"Rhipsalis","Rhipsalis floccosa","Rhipsalis floccosa Salm-Dyck ex Pfeiff.",-23.168996,-46.527805
"Rhipsalis","Rhipsalis floccosa","Rhipsalis floccosa Salm-Dyck ex Pfeiff.",-27.470082,-58.941946
"Rhipsalis","Rhipsalis floccosa","Rhipsalis floccosa subsp. pulvinigera (G.Lindb.) Barthlott & N.P.Taylor",-15.719,-39.058
"Rhipsalis","Rhipsalis floccosa","Rhipsalis floccosa Salm-Dyck ex Pfeiff.",-29.423669,-50.387131
"Rhipsalis","Rhipsalis floccosa","Rhipsalis floccosa Salm-Dyck ex Pfeiff.",-25.853852,-53.968827
"Rhipsalis","Rhipsalis floccosa","Rhipsalis floccosa subsp. tucumanensis (F.A.C.Weber) Barthlott & N.P.Taylor",-28.227265,-65.472886
"Rhipsalis","Rhipsalis floccosa","Rhipsalis floccosa Salm-Dyck ex Pfeiff.",-26.506097,-58.291113
"Rhipsalis","Rhipsalis floccosa","Rhipsalis floccosa Salm-Dyck ex Pfeiff.",-25.415361,-49.303653
"Rhipsalis","Rhipsalis floccosa","Rhipsalis floccosa subsp. tucumanensis (F.A.C.Weber) Barthlott & N.P.Taylor",-24.05,-64.35
"Rhipsalis","Rhipsalis floccosa","Rhipsalis floccosa subsp. tucumanensis (F.A.C.Weber) Barthlott & N.P.Taylor",-22.33,-64.93
"Rhipsalis","Rhipsalis floccosa","Rhipsalis floccosa subsp. hohenauensis (F.Ritter) Barthlott & N.P.Taylor",-23.51,-58.78
"Rhipsalis","Rhipsalis floccosa","Rhipsalis floccosa subsp. hohenauensis (F.Ritter) Barthlott & N.P.Taylor",-23.08,-57.42
"Rhipsalis","Rhipsalis floccosa","Rhipsalis floccosa subsp. hohenauensis (F.Ritter) Barthlott & N.P.Taylor",-22.38,-56.9
"Rhipsalis","Rhipsalis floccosa","Rhipsalis floccosa subsp. hohenauensis (F.Ritter) Barthlott & N.P.Taylor",-27.87,-55.7
"Rhipsalis","Rhipsalis floccosa","Rhipsalis floccosa subsp. tucumanensis (F.A.C.Weber) Barthlott & N.P.Taylor",-22.4,-64.72
"Rhipsalis","Rhipsalis floccosa","Rhipsalis floccosa subsp. tucumanensis (F.A.C.Weber) Barthlott & N.P.Taylor",-23.73,-64.83
"Rhipsalis","Rhipsalis floccosa","Rhipsalis floccosa subsp. tucumanensis (F.A.C.Weber) Barthlott & N.P.Taylor",-23.63,-64.93
"Rhipsalis","Rhipsalis floccosa","Rhipsalis floccosa subsp. tucumanensis (F.A.C.Weber) Barthlott & N.P.Taylor",-23.08,-64.73
"Rhipsalis","Rhipsalis floccosa","Rhipsalis floccosa subsp. hohenauensis (F.Ritter) Barthlott & N.P.Taylor",-27.2,-54.02
"Rhipsalis","Rhipsalis floccosa","Rhipsalis floccosa subsp. hohenauensis (F.Ritter) Barthlott & N.P.Taylor",-26.2,-53.67
"Rhipsalis","Rhipsalis floccosa","Rhipsalis floccosa subsp. hohenauensis (F.Ritter) Barthlott & N.P.Taylor",-26.52,-53.98
"Rhipsalis","Rhipsalis floccosa","Rhipsalis floccosa subsp. hohenauensis (F.Ritter) Barthlott & N.P.Taylor",-27.11,-54.81
"Rhipsalis","Rhipsalis floccosa","Rhipsalis floccosa subsp. hohenauensis (F.Ritter) Barthlott & N.P.Taylor",-25.88,-54.41
"Rhipsalis","Rhipsalis floccosa","Rhipsalis floccosa subsp. tucumanensis (F.A.C.Weber) Barthlott & N.P.Taylor",-23.37,-64.22
"Rhipsalis","Rhipsalis floccosa","Rhipsalis floccosa subsp. hohenauensis (F.Ritter) Barthlott & N.P.Taylor",-26.92,-54.21
"Rhipsalis","Rhipsalis floccosa","Rhipsalis floccosa Salm-Dyck ex Pfeiff.",-10.487222,-36.973333
"Rhipsalis","Rhipsalis floccosa","Rhipsalis floccosa Salm-Dyck ex Pfeiff.",-24.941944,-53.512222
"Rhipsalis","Rhipsalis floccosa","Rhipsalis floccosa Salm-Dyck ex Pfeiff.",-22.904826,-46.344598
"Rhipsalis","Rhipsalis floccosa","Rhipsalis floccosa subsp. tucumanensis (F.A.C.Weber) Barthlott & N.P.Taylor",-23.743871,-64.853198
"Rhipsalis","Rhipsalis floccosa","Rhipsalis floccosa Salm-Dyck ex Pfeiff.",-22.901286,-46.341021
"Rhipsalis","Rhipsalis floccosa","Rhipsalis floccosa Salm-Dyck ex Pfeiff.",-25.463611,-49.59475
"Rhipsalis","Rhipsalis floccosa","Rhipsalis floccosa Salm-Dyck ex Pfeiff.",-27.396822,-49.821022
"Rhipsalis","Rhipsalis floccosa","Rhipsalis floccosa Salm-Dyck ex Pfeiff.",-19.935662,-40.59962
"Rhipsalis","Rhipsalis floccosa","Rhipsalis floccosa Salm-Dyck ex Pfeiff.",-25.385127,-49.015342
"Rhipsalis","Rhipsalis floccosa","Rhipsalis floccosa subsp. pulvinigera (G.Lindb.) Barthlott & N.P.Taylor",-22.740846,-45.594391
"Rhipsalis","Rhipsalis floccosa","Rhipsalis floccosa subsp. tucumanensis (F.A.C.Weber) Barthlott & N.P.Taylor",-26.4973,-64.87857
"Rhipsalis","Rhipsalis floccosa","Rhipsalis floccosa Salm-Dyck ex Pfeiff.",-25.361578,-49.259845
"Rhipsalis","Rhipsalis floccosa","Rhipsalis floccosa Salm-Dyck ex Pfeiff.",-26.060786,-49.119284
"Rhipsalis","Rhipsalis floccosa","Rhipsalis floccosa subsp. pulvinigera (G.Lindb.) Barthlott & N.P.Taylor",-21.660278,-43.865556
"Rhipsalis","Rhipsalis floccosa","Rhipsalis floccosa Salm-Dyck ex Pfeiff.",-20.672025,-64.03322
"Rhipsalis","Rhipsalis floccosa","Rhipsalis floccosa Salm-Dyck ex Pfeiff.",-22.906805,-46.83055
"Rhipsalis","Rhipsalis floccosa","Rhipsalis floccosa subsp. tucumanensis (F.A.C.Weber) Barthlott & N.P.Taylor",-24.159769,-65.38905
"Rhipsalis","Rhipsalis floccosa","Rhipsalis floccosa subsp. tucumanensis (F.A.C.Weber) Barthlott & N.P.Taylor",-19.31138,-64.08972
"Rhipsalis","Rhipsalis floccosa","Rhipsalis floccosa Salm-Dyck ex Pfeiff.",-24.45,-54.583333
"Rhipsalis","Rhipsalis floccosa","Rhipsalis floccosa Salm-Dyck ex Pfeiff.",-26.51666,-53.98333
"Rhipsalis","Rhipsalis floccosa","Rhipsalis floccosa Salm-Dyck ex Pfeiff.",-26.2,-53.66666
"Rhipsalis","Rhipsalis floccosa","Rhipsalis floccosa subsp. tucumanensis (F.A.C.Weber) Barthlott & N.P.Taylor",-18.99194,-64.30472
"Rhipsalis","Rhipsalis floccosa","Rhipsalis floccosa Salm-Dyck ex Pfeiff.",-18.16666,-63.55
"Rhipsalis","Rhipsalis floccosa","Rhipsalis floccosa Salm-Dyck ex Pfeiff.",-18.16666,-63.78333
"Rhipsalis","Rhipsalis floccosa","Rhipsalis floccosa Salm-Dyck ex Pfeiff.",-18.14166,-64
"Rhipsalis","Rhipsalis floccosa","Rhipsalis floccosa Salm-Dyck ex Pfeiff.",-25.85,-54.55
"Rhipsalis","Rhipsalis floccosa","Rhipsalis floccosa Salm-Dyck ex Pfeiff.",-18.13333,-63.68333
"Rhipsalis","Rhipsalis floccosa","Rhipsalis floccosa Salm-Dyck ex Pfeiff.",-25.8,-56.33333
"Rhipsalis","Rhipsalis floccosa","Rhipsalis floccosa Salm-Dyck ex Pfeiff.",-22.65,-56.05
"Rhipsalis","Rhipsalis floccosa","Rhipsalis tucumanensis F.A.C.Weber",-20.830278,-64.374444
"Rhipsalis","Rhipsalis floccosa","Rhipsalis floccosa Salm-Dyck ex Pfeiff.",-25.86666,-57.13333
"Rhipsalis","Rhipsalis floccosa","Rhipsalis floccosa subsp. tucumanensis (F.A.C.Weber) Barthlott & N.P.Taylor",-19.81444,-63.71944
"Rhipsalis","Rhipsalis floccosa","Rhipsalis floccosa subsp. tucumanensis (F.A.C.Weber) Barthlott & N.P.Taylor",-19.07611,-64.09861
"Rhipsalis","Rhipsalis floccosa","Rhipsalis floccosa Salm-Dyck ex Pfeiff.",-24.05,-64.35
"Rhipsalis","Rhipsalis floccosa","Rhipsalis floccosa Salm-Dyck ex Pfeiff.",-26.166667,-55.283333
"Rhipsalis","Rhipsalis floccosa","Rhipsalis floccosa Salm-Dyck ex Pfeiff.",-18.095,-63.91527
"Rhipsalis","Rhipsalis floccosa","Rhipsalis floccosa Salm-Dyck ex Pfeiff.",-18.38333,-63.93333
"Rhipsalis","Rhipsalis floccosa","Rhipsalis floccosa Salm-Dyck ex Pfeiff.",-18.06388,-63.91666
"Rhipsalis","Rhipsalis floccosa","Rhipsalis floccosa Salm-Dyck ex Pfeiff.",-18.489722,-64.106944
"Rhipsalis","Rhipsalis floccosa","Rhipsalis floccosa Salm-Dyck ex Pfeiff.",-26.05,-56.83333
"Rhipsalis","Rhipsalis floccosa","Rhipsalis floccosa subsp. tucumanensis (F.A.C.Weber) Barthlott & N.P.Taylor",-24.964092,-65.469008
"Rhipsalis","Rhipsalis floccosa","Rhipsalis floccosa Salm-Dyck ex Pfeiff.",-31.718196,-55.979991
"Rhipsalis","Rhipsalis floccosa","Rhipsalis floccosa Salm-Dyck ex Pfeiff.",-28.579639,-65.509197
"Rhipsalis","Rhipsalis floccosa","Rhipsalis floccosa Salm-Dyck ex Pfeiff.",-25.383018,-49.281874
"Rhipsalis","Rhipsalis floccosa","Rhipsalis floccosa Salm-Dyck ex Pfeiff.",-14.59777,-68.92944
"Rhipsalis","Rhipsalis floccosa","Rhipsalis tucumanensis F.A.C.Weber",-20.40027,-63.92972
"Rhipsalis","Rhipsalis floccosa","Rhipsalis floccosa subsp. tucumanensis (F.A.C.Weber) Barthlott & N.P.Taylor",-16.695278,-66.720833
"Rhipsalis","Rhipsalis floccosa","Rhipsalis floccosa Salm-Dyck ex Pfeiff.",-25.05638,-57.88277
"Rhipsalis","Rhipsalis floccosa","Rhipsalis floccosa Salm-Dyck ex Pfeiff.",-22.382778,-56.897222
"Rhipsalis","Rhipsalis floccosa","Rhipsalis floccosa Salm-Dyck ex Pfeiff.",-25.63333,-57.61666
"Rhipsalis","Rhipsalis floccosa","Rhipsalis floccosa subsp. hohenauensis (F.Ritter) Barthlott & N.P.Taylor",-25.48333,-56.18333
"Rhipsalis","Rhipsalis floccosa","Rhipsalis floccosa subsp. tucumanensis (F.A.C.Weber) Barthlott & N.P.Taylor",-21.41666,-64.26666
"Rhipsalis","Rhipsalis floccosa","Rhipsalis floccosa Salm-Dyck ex Pfeiff.",-22.366667,-64.483333
"Rhipsalis","Rhipsalis floccosa","Rhipsalis floccosa Salm-Dyck ex Pfeiff.",-17.95,-64.4
"Rhipsalis","Rhipsalis floccosa","Rhipsalis floccosa Salm-Dyck ex Pfeiff.",-23.00933,-44.356854
"Rhipsalis","Rhipsalis floccosa","Rhipsalis floccosa subsp. tucumanensis (F.A.C.Weber) Barthlott & N.P.Taylor",-27.029834,-65.658517
"Rhipsalis","Rhipsalis floccosa","Rhipsalis floccosa Salm-Dyck ex Pfeiff.",-27.764254,-65.801991
"Rhipsalis","Rhipsalis floccosa","Rhipsalis floccosa subsp. tucumanensis (F.A.C.Weber) Barthlott & N.P.Taylor",-23.699898,-64.8666
"Rhipsalis","Rhipsalis floccosa","Rhipsalis floccosa Salm-Dyck ex Pfeiff.",-25.445405,-49.237778
"Rhipsalis","Rhipsalis floccosa","Rhipsalis floccosa Salm-Dyck ex Pfeiff.",-27.43091,-58.983181
"Rhipsalis","Rhipsalis floccosa","Rhipsalis floccosa Salm-Dyck ex Pfeiff.",-22.699337,-45.562175
"Rhipsalis","Rhipsalis floccosa","Rhipsalis floccosa Salm-Dyck ex Pfeiff.",-29.319902,-50.138002
"Rhipsalis","Rhipsalis floccosa","Rhipsalis floccosa Salm-Dyck ex Pfeiff.",-20.845,-64.763
"Rhipsalis","Rhipsalis floccosa","Rhipsalis floccosa Salm-Dyck ex Pfeiff.",-18.816,-64.565
"Rhipsalis","Rhipsalis floccosa","Rhipsalis floccosa subsp. tucumanensis (F.A.C.Weber) Barthlott & N.P.Taylor",-22.173044,-64.782218
"Rhipsalis","Rhipsalis floccosa","Rhipsalis floccosa Salm-Dyck ex Pfeiff.",-26.826451,-65.269625
"Rhipsalis","Rhipsalis floccosa","Rhipsalis floccosa Salm-Dyck ex Pfeiff.",-31.868626,-58.20845
"Rhipsalis","Rhipsalis floccosa","Rhipsalis floccosa Salm-Dyck ex Pfeiff.",-19.805,-63.703
"Rhipsalis","Rhipsalis floccosa","Rhipsalis floccosa Salm-Dyck ex Pfeiff.",-20.380556,-41.465278
"Rhipsalis","Rhipsalis floccosa","Rhipsalis floccosa subsp. oreophila N.P.Taylor & Zappi",-13.451667,-41.831667
"Rhipsalis","Rhipsalis floccosa","Rhipsalis floccosa Salm-Dyck ex Pfeiff.",-26.717367,-65.454908
"Rhipsalis","Rhipsalis floccosa","Rhipsalis floccosa Salm-Dyck ex Pfeiff.",-28.417499,-54.652654
"Rhipsalis","Rhipsalis floccosa","Rhipsalis floccosa subsp. tucumanensis (F.A.C.Weber) Barthlott & N.P.Taylor",-23.462834,-64.943996
"Rhipsalis","Rhipsalis floccosa","Rhipsalis floccosa Salm-Dyck ex Pfeiff.",-25.293337,-57.320572
"Rhipsalis","Rhipsalis floccosa","Rhipsalis floccosa subsp. tucumanensis (F.A.C.Weber) Barthlott & N.P.Taylor",-24.163366,-65.311295
"Rhipsalis","Rhipsalis floccosa","Rhipsalis floccosa subsp. tucumanensis (F.A.C.Weber) Barthlott & N.P.Taylor",-21.866667,-63.666667
"Rhipsalis","Rhipsalis floccosa","Rhipsalis floccosa subsp. tucumanensis (F.A.C.Weber) Barthlott & N.P.Taylor",-24.16588,-65.311523
"Rhipsalis","Rhipsalis floccosa","Rhipsalis floccosa Salm-Dyck ex Pfeiff.",-22.45545,-42.970981
"Rhipsalis","Rhipsalis floccosa","Rhipsalis floccosa subsp. tucumanensis (F.A.C.Weber) Barthlott & N.P.Taylor",-28.066777,-65.585069
"Rhipsalis","Rhipsalis floccosa","Rhipsalis floccosa subsp. tucumanensis (F.A.C.Weber) Barthlott & N.P.Taylor",-23.738627,-64.852582
"Rhipsalis","Rhipsalis floccosa","Rhipsalis floccosa Salm-Dyck ex Pfeiff.",-22.697313,-45.563183
"Rhipsalis","Rhipsalis floccosa","Rhipsalis floccosa Salm-Dyck ex Pfeiff.",-22.700263,-45.561078
"Rhipsalis","Rhipsalis floccosa","Rhipsalis floccosa Salm-Dyck ex Pfeiff.",-17.766712,-63.192392
"Rhipsalis","Rhipsalis floccosa","Rhipsalis floccosa subsp. pulvinigera (G.Lindb.) Barthlott & N.P.Taylor",-19.277778,-41.375556
"Rhipsalis","Rhipsalis floccosa","Rhipsalis floccosa Salm-Dyck ex Pfeiff.",-24.565,-50.538056
"Rhipsalis","Rhipsalis floccosa","Rhipsalis floccosa subsp. pulvinigera (G.Lindb.) Barthlott & N.P.Taylor",-22.053611,-44.651111
"Rhipsalis","Rhipsalis floccosa","Rhipsalis floccosa subsp. tucumanensis (F.A.C.Weber) Barthlott & N.P.Taylor",-26.719153,-65.446252
"Rhipsalis","Rhipsalis floccosa","Rhipsalis floccosa Salm-Dyck ex Pfeiff.",-25.767937,-53.53108
"Rhipsalis","Rhipsalis floccosa","Rhipsalis floccosa Salm-Dyck ex Pfeiff.",-25.375155,-51.475288
"Rhipsalis","Rhipsalis floccosa","Rhipsalis floccosa subsp. tucumanensis (F.A.C.Weber) Barthlott & N.P.Taylor",-24.099255,-64.399175
"Rhipsalis","Rhipsalis floccosa","Rhipsalis floccosa Salm-Dyck ex Pfeiff.",-25.436139,-49.219639
"Rhipsalis","Rhipsalis floccosa","Rhipsalis floccosa Salm-Dyck ex Pfeiff.",-25.126378,-58.241806
"Rhipsalis","Rhipsalis floccosa","Rhipsalis floccosa Salm-Dyck ex Pfeiff.",-17.406166,-65.237667
"Rhipsalis","Rhipsalis floccosa","Rhipsalis floccosa subsp. tucumanensis (F.A.C.Weber) Barthlott & N.P.Taylor",-27.265793,-65.886224
"Rhipsalis","Rhipsalis floccosa","Rhipsalis floccosa subsp. tucumanensis (F.A.C.Weber) Barthlott & N.P.Taylor",-24.72755,-65.513938
"Rhipsalis","Rhipsalis floccosa","Rhipsalis floccosa Salm-Dyck ex Pfeiff.",-30.114971,-51.259554
"Rhipsalis","Rhipsalis floccosa","Rhipsalis floccosa Salm-Dyck ex Pfeiff.",-17.972917,-63.364967
"Rhipsalis","Rhipsalis floccosa","Rhipsalis floccosa Salm-Dyck ex Pfeiff.",-28.769864,-49.420882
"Rhipsalis","Rhipsalis floccosa","Rhipsalis floccosa Salm-Dyck ex Pfeiff.",-26.816667,-65.2925
"Rhipsalis","Rhipsalis floccosa","Rhipsalis floccosa Salm-Dyck ex Pfeiff.",-26.825104,-65.2614
"Rhipsalis","Rhipsalis floccosa","Rhipsalis pulvinigera G.Lindb.",-27.320784,-55.531922
"Rhipsalis","Rhipsalis floccosa","Rhipsalis floccosa Salm-Dyck ex Pfeiff.",-20.399167,-41.020278
"Rhipsalis","Rhipsalis floccosa","Rhipsalis floccosa Salm-Dyck ex Pfeiff.",-20.273333,-40.477222
"Rhipsalis","Rhipsalis floccosa","Rhipsalis floccosa Salm-Dyck ex Pfeiff.",-20.433333,-41
"Rhipsalis","Rhipsalis floccosa","Rhipsalis floccosa Salm-Dyck ex Pfeiff.",-20.434167,-41.021111
"Rhipsalis","Rhipsalis floccosa","Rhipsalis floccosa Salm-Dyck ex Pfeiff.",-25.91678,-51.596775
"Rhipsalis","Rhipsalis floccosa","Rhipsalis floccosa Salm-Dyck ex Pfeiff.",-26.689075,-65.231867
"Rhipsalis","Rhipsalis floccosa","Rhipsalis floccosa Salm-Dyck ex Pfeiff.",-24.730531,-65.500427
"Rhipsalis","Rhipsalis floccosa","Rhipsalis floccosa Salm-Dyck ex Pfeiff.",-26.689,-65.232782
"Rhipsalis","Rhipsalis floccosa","Rhipsalis floccosa Salm-Dyck ex Pfeiff.",-23.632082,-64.952857
"Rhipsalis","Rhipsalis floccosa","Rhipsalis floccosa Salm-Dyck ex Pfeiff.",-22.267437,-63.849341
"Rhipsalis","Rhipsalis floccosa","Rhipsalis floccosa Salm-Dyck ex Pfeiff.",-27.195314,-49.64238
"Rhipsalis","Rhipsalis floccosa","Rhipsalis floccosa Salm-Dyck ex Pfeiff.",-27.320055,-65.916656
"Rhipsalis","Rhipsalis floccosa","Rhipsalis floccosa Salm-Dyck ex Pfeiff.",-24.71812,-64.646016
"Rhipsalis","Rhipsalis floccosa","Rhipsalis floccosa Salm-Dyck ex Pfeiff.",-25.382212,-51.494583
"Rhipsalis","Rhipsalis floccosa","Rhipsalis floccosa Salm-Dyck ex Pfeiff.",-25.383577,-49.281847
"Rhipsalis","Rhipsalis floccosa","Rhipsalis floccosa Salm-Dyck ex Pfeiff.",-22.886792,-48.448725
"Rhipsalis","Rhipsalis floccosa","Rhipsalis floccosa Salm-Dyck ex Pfeiff.",-22.659301,-45.854453
"Rhipsalis","Rhipsalis floccosa","Rhipsalis floccosa Salm-Dyck ex Pfeiff.",-22.113889,-45.056944
"Rhipsalis","Rhipsalis floccosa","Rhipsalis floccosa Salm-Dyck ex Pfeiff.",-24.565,-50.538055
"Rhipsalis","Rhipsalis floccosa","Rhipsalis floccosa Salm-Dyck ex Pfeiff.",-24.670465,-64.605592
"Rhipsalis","Rhipsalis floccosa","Rhipsalis floccosa Salm-Dyck ex Pfeiff.",-21.813333,-41.756389
"Rhipsalis","Rhipsalis floccosa","Rhipsalis floccosa Salm-Dyck ex Pfeiff.",-27.283786,-65.872126
"Rhipsalis","Rhipsalis floccosa","Rhipsalis floccosa Salm-Dyck ex Pfeiff.",-29.044167,-52.295278
"Rhipsalis","Rhipsalis floccosa","Rhipsalis floccosa Salm-Dyck ex Pfeiff.",-26.200833,-49.191944
"Rhipsalis","Rhipsalis floccosa","Rhipsalis floccosa Salm-Dyck ex Pfeiff.",-28.117973,-65.642143
"Rhipsalis","Rhipsalis floccosa","Rhipsalis floccosa Salm-Dyck ex Pfeiff.",-15.205833,-39.402778
"Rhipsalis","Rhipsalis floccosa","Rhipsalis floccosa Salm-Dyck ex Pfeiff.",-20.521667,-41.096667
"Rhipsalis","Rhipsalis floccosa","Rhipsalis floccosa Salm-Dyck ex Pfeiff.",-21.625,-44.938611
"Rhipsalis","Rhipsalis floccosa","Rhipsalis floccosa Salm-Dyck, 1837",-16.2,-67.866667
"Rhipsalis","Rhipsalis floccosa","Rhipsalis floccosa Salm-Dyck ex Pfeiff.",-26.828278,-65.305509
"Rhipsalis","Rhipsalis floccosa","Rhipsalis floccosa Salm-Dyck ex Pfeiff.",-26.798463,-65.333443
"Rhipsalis","Rhipsalis floccosa","Rhipsalis floccosa Salm-Dyck ex Pfeiff.",-26.497295,-64.878547
"Rhipsalis","Rhipsalis floccosa","Rhipsalis floccosa Salm-Dyck ex Pfeiff.",-24.152585,-65.352151
"Rhipsalis","Rhipsalis floccosa","Rhipsalis floccosa Salm-Dyck ex Pfeiff.",-25.918167,-51.597361
"Rhipsalis","Rhipsalis floccosa","Rhipsalis floccosa Salm-Dyck, 1837",-13.12,-41.76
"Rhipsalis","Rhipsalis floccosa","Rhipsalis floccosa Salm-Dyck ex Pfeiff.",-9.05,-36.48
"Rhipsalis","Rhipsalis floccosa","Rhipsalis floccosa subsp. pulvinigera (G.Lindb.) Barthlott & N.P.Taylor",-22.92,-43.2
"Rhipsalis","Rhipsalis floccosa","Rhipsalis floccosa Salm-Dyck ex Pfeiff.",-22.34,-44.52
"Rhipsalis","Rhipsalis floccosa","Rhipsalis floccosa Salm-Dyck ex Pfeiff.",-19.92,-43.57
"Rhipsalis","Rhipsalis floccosa","Rhipsalis floccosa Salm-Dyck ex Pfeiff.",-13.95,-41.95
"Rhipsalis","Rhipsalis floccosa","Rhipsalis floccosa Salm-Dyck ex Pfeiff.",-13.5,-39.7
"Rhipsalis","Rhipsalis floccosa","Rhipsalis pulvinigera G.Lindb.",-25.024167,-50.584167
"Rhipsalis","Rhipsalis floccosa","Rhipsalis floccosa Salm-Dyck ex Pfeiff.",-22.530833,-43.008333
"Rhipsalis","Rhipsalis floccosa","Rhipsalis floccosa Salm-Dyck ex Pfeiff.",-18.82,-43.38
"Rhipsalis","Rhipsalis floccosa","Rhipsalis pulvinigera G.Lindb.",-27.615556,-48.627222
"Rhipsalis","Rhipsalis floccosa","Rhipsalis floccosa Salm-Dyck ex Pfeiff.",-19.833056,-43.726389
"Rhipsalis","Rhipsalis floccosa","Rhipsalis pulvinigera G.Lindb.",-26.57,-52.33
"Rhipsalis","Rhipsalis floccosa","Rhipsalis pulvinigera G.Lindb.",-25.235,-50.013056
"Rhipsalis","Rhipsalis floccosa","Rhipsalis pulvinigera G.Lindb.",-27.05,-51.75
"Rhipsalis","Rhipsalis floccosa","Rhipsalis floccosa Salm-Dyck ex Pfeiff.",-24.251111,-49.705556
"Rhipsalis","Rhipsalis floccosa","Rhipsalis pulvinigera G.Lindb.",-25.534722,-49.206389
"Rhipsalis","Rhipsalis floccosa","Rhipsalis floccosa Salm-Dyck ex Pfeiff.",-13.28,-41.88
"Rhipsalis","Rhipsalis floccosa","Rhipsalis pulvinigera G.Lindb.",-25.799444,-49.133611
"Rhipsalis","Rhipsalis floccosa","Rhipsalis pulvinigera G.Lindb.",-25.507778,-49.048056
"Rhipsalis","Rhipsalis floccosa","Rhipsalis floccosa subsp. floccosa",-14.772778,-39.537778
"Rhipsalis","Rhipsalis floccosa","Rhipsalis floccosa subsp. pulvinigera (G.Lindb.) Barthlott & N.P.Taylor",-19.553056,-40.331944
"Rhipsalis","Rhipsalis floccosa","Rhipsalis floccosa subsp. pulvinigera (G.Lindb.) Barthlott & N.P.Taylor",-20.313333,-41.050556
"Rhipsalis","Rhipsalis floccosa","Rhipsalis floccosa Salm-Dyck ex Pfeiff.",-18.951111,-43.729722
"Rhipsalis","Rhipsalis floccosa","Rhipsalis floccosa Salm-Dyck ex Pfeiff.",-22.261111,-42.311944
"Rhipsalis","Rhipsalis floccosa","Rhipsalis floccosa Salm-Dyck ex Pfeiff.",-22.422222,-44.381667
"Rhipsalis","Rhipsalis floccosa","Rhipsalis floccosa subsp. pulvinigera (G.Lindb.) Barthlott & N.P.Taylor",-22.55,-43.12
"Rhipsalis","Rhipsalis floccosa","Rhipsalis floccosa subsp. oreophila N.P.Taylor & Zappi",-13.31,-41.58
"Rhipsalis","Rhipsalis floccosa","Rhipsalis floccosa Salm-Dyck ex Pfeiff.",-20.4,-43.4
"Rhipsalis","Rhipsalis floccosa","Rhipsalis floccosa Salm-Dyck ex Pfeiff.",-22.270556,-42.598611
"Rhipsalis","Rhipsalis floccosa","Rhipsalis floccosa Salm-Dyck ex Pfeiff.",-19.55,-43.34
"Rhipsalis","Rhipsalis floccosa","Rhipsalis floccosa subsp. oreophila N.P.Taylor & Zappi",-13.32,-41.58
"Rhipsalis","Rhipsalis floccosa","Rhipsalis floccosa Salm-Dyck ex Pfeiff.",-19.158056,-43.331667
"Rhipsalis","Rhipsalis floccosa","Rhipsalis floccosa subsp. pulvinigera (G.Lindb.) Barthlott & N.P.Taylor",-19.151667,-43.325
"Rhipsalis","Rhipsalis floccosa","Rhipsalis floccosa subsp. floccosa",-15.17,-39.58
"Rhipsalis","Rhipsalis floccosa","Rhipsalis floccosa Salm-Dyck ex Pfeiff.",-21.484722,-41.452222
"Rhipsalis","Rhipsalis floccosa","Rhipsalis pulvinigera G.Lindb.",-22.530833,-43.008333
"Rhipsalis","Rhipsalis floccosa","Rhipsalis pulvinigera G.Lindb.",-25.429444,-50.006389
"Rhipsalis","Rhipsalis floccosa","Rhipsalis pulvinigera G.Lindb.",-10.6875,-37.388889
"Rhipsalis","Rhipsalis floccosa","Rhipsalis floccosa Salm-Dyck ex Pfeiff.",-16.241111,-40.0225
"Rhipsalis","Rhipsalis floccosa","Rhipsalis floccosa Salm-Dyck ex Pfeiff.",-13.326111,-39.565556
"Rhipsalis","Rhipsalis floccosa","Rhipsalis floccosa subsp. pulvinigera (G.Lindb.) Barthlott & N.P.Taylor",-22.06,-44.46
"Rhipsalis","Rhipsalis floccosa","Rhipsalis floccosa subsp. oreophila N.P.Taylor & Zappi",-13.17,-41.53
"Rhipsalis","Rhipsalis floccosa","Rhipsalis floccosa subsp. floccosa",-14.781944,-39.069167
"Rhipsalis","Rhipsalis floccosa","Rhipsalis floccosa Salm-Dyck ex Pfeiff.",-20.159444,-40.308889
"Rhipsalis","Rhipsalis floccosa","Rhipsalis floccosa Salm-Dyck ex Pfeiff.",-20.1675,-40.308611
"Rhipsalis","Rhipsalis floccosa","Rhipsalis floccosa Salm-Dyck ex Pfeiff.",-19.966111,-40.538611
"Rhipsalis","Rhipsalis floccosa","Rhipsalis floccosa Salm-Dyck ex Pfeiff.",-19.966944,-40.540556
"Rhipsalis","Rhipsalis floccosa","Rhipsalis floccosa Salm-Dyck ex Pfeiff.",-19.967222,-40.534722
"Rhipsalis","Rhipsalis floccosa","Rhipsalis floccosa Salm-Dyck ex Pfeiff.",-19.968056,-40.533333
"Rhipsalis","Rhipsalis floccosa","Rhipsalis floccosa Salm-Dyck ex Pfeiff.",-19.965278,-40.540278
"Rhipsalis","Rhipsalis floccosa","Rhipsalis floccosa Salm-Dyck ex Pfeiff.",-20.375278,-40.658056
"Rhipsalis","Rhipsalis floccosa","Rhipsalis floccosa Salm-Dyck ex Pfeiff.",-25.641944,-49.073056
"Rhipsalis","Rhipsalis floccosa","Rhipsalis floccosa Salm-Dyck ex Pfeiff.",-25.861111,-48.966111
"Rhipsalis","Rhipsalis floccosa","Rhipsalis floccosa Salm-Dyck ex Pfeiff.",-28.695833,-49.948333
"Rhipsalis","Rhipsalis floccosa","Rhipsalis floccosa Salm-Dyck ex Pfeiff.",-25.716389,-49.150556
"Rhipsalis","Rhipsalis floccosa","Rhipsalis floccosa Salm-Dyck ex Pfeiff.",-26.015278,-49.974444
"Rhipsalis","Rhipsalis floccosa","Rhipsalis floccosa Salm-Dyck ex Pfeiff.",-21.688889,-57.7625
"Rhipsalis","Rhipsalis floccosa","Rhipsalis floccosa Salm-Dyck ex Pfeiff.",-25.920833,-51.859167
"Rhipsalis","Rhipsalis floccosa","Rhipsalis floccosa Salm-Dyck ex Pfeiff.",-25.922778,-51.857778
"Rhipsalis","Rhipsalis floccosa","Rhipsalis floccosa Salm-Dyck ex Pfeiff.",-25.225556,-53.866111
"Rhipsalis","Rhipsalis floccosa","Rhipsalis floccosa Salm-Dyck ex Pfeiff.",-25.187778,-53.871944
"Rhipsalis","Rhipsalis floccosa","Rhipsalis floccosa Salm-Dyck ex Pfeiff.",-25.039167,-51.526389
"Rhipsalis","Rhipsalis floccosa","Rhipsalis floccosa Salm-Dyck ex Pfeiff.",-24.532778,-52.434722
"Rhipsalis","Rhipsalis floccosa","Rhipsalis floccosa Salm-Dyck ex Pfeiff.",-26.061944,-48.623889
"Rhipsalis","Rhipsalis floccosa","Rhipsalis floccosa Salm-Dyck ex Pfeiff.",-25.620833,-54.47
"Rhipsalis","Rhipsalis floccosa","Rhipsalis floccosa subsp. pulvinigera (G.Lindb.) Barthlott & N.P.Taylor",-25.483333,-48.983333
"Rhipsalis","Rhipsalis floccosa","Rhipsalis floccosa Salm-Dyck ex Pfeiff.",-20.519167,-41.100556
"Rhipsalis","Rhipsalis floccosa","Rhipsalis floccosa Salm-Dyck ex Pfeiff.",-19.820556,-40.553056
"Rhipsalis","Rhipsalis floccosa","Rhipsalis floccosa Salm-Dyck ex Pfeiff.",-20.096389,-40.676944
"Rhipsalis","Rhipsalis floccosa","Rhipsalis floccosa Salm-Dyck ex Pfeiff.",-19.973056,-40.593889
"Rhipsalis","Rhipsalis floccosa","Rhipsalis floccosa Salm-Dyck ex Pfeiff.",-19.971389,-40.530278
"Rhipsalis","Rhipsalis floccosa","Rhipsalis floccosa Salm-Dyck ex Pfeiff.",-22.438056,-42.525833
"Rhipsalis","Rhipsalis floccosa","Rhipsalis floccosa Salm-Dyck ex Pfeiff.",-19.579167,-39.7925
"Rhipsalis","Rhipsalis floccosa","Rhipsalis floccosa Salm-Dyck ex Pfeiff.",-18.77,-40.4475
"Rhipsalis","Rhipsalis floccosa","Rhipsalis floccosa Salm-Dyck ex Pfeiff.",-19.931111,-40.617778
"Rhipsalis","Rhipsalis floccosa","Rhipsalis floccosa subsp. pulvinigera (G.Lindb.) Barthlott & N.P.Taylor",-20.526944,-41.101667
"Rhipsalis","Rhipsalis floccosa","Rhipsalis floccosa Salm-Dyck ex Pfeiff.",-26.7275,-49.585278
"Rhipsalis","Rhipsalis floccosa","Rhipsalis floccosa Salm-Dyck ex Pfeiff.",-26.55,-49.770833
"Rhipsalis","Rhipsalis floccosa","Rhipsalis floccosa Salm-Dyck ex Pfeiff.",-28.71,-49.77
"Rhipsalis","Rhipsalis floccosa","Rhipsalis floccosa Salm-Dyck ex Pfeiff.",-27.4575,-49.05
"Rhipsalis","Rhipsalis floccosa","Rhipsalis floccosa Salm-Dyck ex Pfeiff.",-29.178889,-50.022778
"Rhipsalis","Rhipsalis floccosa","Rhipsalis floccosa Salm-Dyck ex Pfeiff.",-27.1675,-49.550833
"Rhipsalis","Rhipsalis floccosa","Rhipsalis floccosa Salm-Dyck ex Pfeiff.",-28.443611,-49.498611
"Rhipsalis","Rhipsalis floccosa","Rhipsalis floccosa Salm-Dyck ex Pfeiff.",-27.893333,-48.755833
"Rhipsalis","Rhipsalis floccosa","Rhipsalis floccosa Salm-Dyck ex Pfeiff.",-22.590556,-45.312222
"Rhipsalis","Rhipsalis floccosa","Rhipsalis floccosa Salm-Dyck ex Pfeiff.",-27.878889,-48.761944
"Rhipsalis","Rhipsalis floccosa","Rhipsalis floccosa Salm-Dyck ex Pfeiff.",-27.360556,-49.410556
"Rhipsalis","Rhipsalis floccosa","Rhipsalis floccosa Salm-Dyck ex Pfeiff.",-27.45,-48.87
"Rhipsalis","Rhipsalis floccosa","Rhipsalis floccosa Salm-Dyck ex Pfeiff.",-27.000278,-50.130556
"Rhipsalis","Rhipsalis floccosa","Rhipsalis floccosa Salm-Dyck ex Pfeiff.",-27.27,-49.23
"Rhipsalis","Rhipsalis floccosa","Rhipsalis floccosa Salm-Dyck ex Pfeiff.",-28.17,-49.41
"Rhipsalis","Rhipsalis floccosa","Rhipsalis floccosa Salm-Dyck ex Pfeiff.",-27.263611,-49.026944
"Rhipsalis","Rhipsalis floccosa","Rhipsalis floccosa Salm-Dyck ex Pfeiff.",-27.149444,-48.601944
"Rhipsalis","Rhipsalis floccosa","Rhipsalis floccosa Salm-Dyck ex Pfeiff.",-26.870556,-49.404167
"Rhipsalis","Rhipsalis floccosa","Rhipsalis floccosa Salm-Dyck ex Pfeiff.",-26.722778,-51.861944
"Rhipsalis","Rhipsalis floccosa","Rhipsalis floccosa Salm-Dyck ex Pfeiff.",-26.943056,-49.378889
"Rhipsalis","Rhipsalis floccosa","Rhipsalis floccosa Salm-Dyck ex Pfeiff.",-26.640278,-49.590556
"Rhipsalis","Rhipsalis floccosa","Rhipsalis floccosa Salm-Dyck ex Pfeiff.",-22.925556,-48.458611
"Rhipsalis","Rhipsalis floccosa","Rhipsalis floccosa Salm-Dyck ex Pfeiff.",-23.779444,-46.311111
"Rhipsalis","Rhipsalis floccosa","Rhipsalis floccosa subsp. floccosa",-10.604167,-37.1125
"Rhipsalis","Rhipsalis floccosa","Rhipsalis floccosa subsp. floccosa",-11.268611,-37.438056
"Rhipsalis","Rhipsalis floccosa","Rhipsalis floccosa Salm-Dyck ex Pfeiff.",-10.758056,-37.315
"Rhipsalis","Rhipsalis floccosa","Rhipsalis floccosa subsp. floccosa",-10.458333,-37.208056
"Rhipsalis","Rhipsalis floccosa","Rhipsalis floccosa Salm-Dyck ex Pfeiff.",-21.428,-43.5376
"Rhipsalis","Rhipsalis floccosa","Rhipsalis tucumanensis F.A.C.Weber",-24.583333,-64.7
"Rhipsalis","Rhipsalis floccosa","Rhipsalis floccosa subsp. oreophila N.P.Taylor & Zappi",-13.283333,-41.883333
"Rhipsalis","Rhipsalis floccosa","Rhipsalis floccosa subsp. pulvinigera (G.Lindb.) Barthlott & N.P.Taylor",-22.335556,-44.518056
"Rhipsalis","Rhipsalis floccosa","Rhipsalis floccosa Salm-Dyck ex Pfeiff.",-21.475219,-64.177578
"Rhipsalis","Rhipsalis floccosa","Rhipsalis floccosa Salm-Dyck ex Pfeiff.",-25.423647,-49.305886
"Rhipsalis","Rhipsalis floccosa","Rhipsalis floccosa Salm-Dyck ex Pfeiff.",-23.71519,-64.849459
"Rhipsalis","Rhipsalis floccosa","Rhipsalis floccosa Salm-Dyck ex Pfeiff.",-25.43,-48.94
"Rhipsalis","Rhipsalis floccosa","Rhipsalis floccosa Salm-Dyck ex Pfeiff.",-21.009,-64.084
"Rhipsalis","Rhipsalis floccosa","Rhipsalis floccosa subsp. floccosa",-6.96245,-35.7509
"Rhipsalis","Rhipsalis floccosa","Rhipsalis floccosa Salm-Dyck ex Pfeiff.",-21.854167,-47.44
"Rhipsalis","Rhipsalis floccosa","Rhipsalis floccosa Salm-Dyck ex Pfeiff.",-19.508,-63.625
"Rhipsalis","Rhipsalis floccosa","Rhipsalis floccosa Salm-Dyck ex Pfeiff.",-26.7,-65.5
"Rhipsalis","Rhipsalis floccosa","Rhipsalis floccosa Salm-Dyck ex Pfeiff.",-19.733,-63.591
"Rhipsalis","Rhipsalis floccosa","Rhipsalis floccosa Salm-Dyck ex Pfeiff.",-18.542,-63.969
"Rhipsalis","Rhipsalis floccosa","Rhipsalis floccosa Salm-Dyck ex Pfeiff.",-18.422,-64.125
"Rhipsalis","Rhipsalis floccosa","Rhipsalis floccosa Salm-Dyck ex Pfeiff.",-15.216,-68.808
"Rhipsalis","Rhipsalis floccosa","Rhipsalis floccosa Salm-Dyck ex Pfeiff.",-27.059007,-54.826972
"Rhipsalis","Rhipsalis floccosa","Rhipsalis floccosa subsp. pulvinigera (G.Lindb.) Barthlott & N.P.Taylor",-20.365394,-43.514964
"Rhipsalis","Rhipsalis floccosa","Rhipsalis floccosa Salm-Dyck ex Pfeiff.",-21.977778,-46.370556
"Rhipsalis","Rhipsalis floccosa","Rhipsalis floccosa Salm-Dyck ex Pfeiff.",-14.333556,-39.096333
"Rhipsalis","Rhipsalis floccosa","Rhipsalis floccosa Salm-Dyck ex Pfeiff.",-23.366667,-51.166667
"Rhipsalis","Rhipsalis floccosa","Rhipsalis floccosa Salm-Dyck ex Pfeiff.",-23.896389,-51.167639
"Rhipsalis","Rhipsalis floccosa","Rhipsalis floccosa Salm-Dyck ex Pfeiff.",-10.731667,-37.165278
"Rhipsalis","Rhipsalis floccosa","Rhipsalis floccosa subsp. floccosa",-10.773056,-37.355833
"Rhipsalis","Rhipsalis floccosa","Rhipsalis floccosa subsp. pulvinigera (G.Lindb.) Barthlott & N.P.Taylor",-23.633333,-45.866667
"Rhipsalis","Rhipsalis floccosa","Rhipsalis floccosa Salm-Dyck ex Pfeiff.",-23.783333,-46.316667
"Rhipsalis","Rhipsalis floccosa","Rhipsalis floccosa Salm-Dyck ex Pfeiff.",-8.332611,-35.864444
"Rhipsalis","Rhipsalis floccosa","Rhipsalis floccosa subsp. floccosa",-6.9175,-35.791944
"Rhipsalis","Rhipsalis floccosa","Rhipsalis floccosa Salm-Dyck ex Pfeiff.",-8.5625,-36.5625
"Rhipsalis","Rhipsalis floccosa","Rhipsalis floccosa Salm-Dyck ex Pfeiff.",-22.436667,-44.609444
"Rhipsalis","Rhipsalis floccosa","Rhipsalis floccosa Salm-Dyck ex Pfeiff.",-25.9425,-50.49583
"Rhipsalis","Rhipsalis floccosa","Rhipsalis floccosa subsp. pulvinigera (G.Lindb.) Barthlott & N.P.Taylor",-25.4478,-49.2403
"Rhipsalis","Rhipsalis floccosa","Rhipsalis floccosa Salm-Dyck ex Pfeiff.",-15.408333,-39.536389
"Rhipsalis","Rhipsalis floccosa","Rhipsalis floccosa Salm-Dyck ex Pfeiff.",-30.545556,-51.368333
"Rhipsalis","Rhipsalis floccosa","Rhipsalis floccosa Salm-Dyck ex Pfeiff.",-23.964722,-55.039444
"Rhipsalis","Rhipsalis floccosa","Rhipsalis floccosa Salm-Dyck ex Pfeiff.",-25.160278,-65.621944
"Rhipsalis","Rhipsalis floccosa","Rhipsalis floccosa Salm-Dyck ex Pfeiff.",-14.781944,-39.069167
"Rhipsalis","Rhipsalis floccosa","Rhipsalis floccosa Salm-Dyck ex Pfeiff.",-15.166667,-39.583333
"Rhipsalis","Rhipsalis floccosa","Rhipsalis floccosa Salm-Dyck ex Pfeiff.",-35.6973,-64.5324
"Rhipsalis","Rhipsalis floccosa","Rhipsalis floccosa Salm-Dyck ex Pfeiff.",-25.920833,-51.859139
"Rhipsalis","Rhipsalis floccosa","Rhipsalis floccosa Salm-Dyck ex Pfeiff.",-19.966944,-40.540555
"Rhipsalis","Rhipsalis floccosa","Rhipsalis floccosa Salm-Dyck ex Pfeiff.",-20.394444,-41.736111
"Rhipsalis","Rhipsalis floccosa","Rhipsalis floccosa Salm-Dyck ex Pfeiff.",-25.083333,-54.083333
"Rhipsalis","Rhipsalis floccosa","Rhipsalis floccosa subsp. oreophila N.P.Taylor & Zappi",-18.13,-63.68
"Rhipsalis","Rhipsalis floccosa","Rhipsalis floccosa subsp. oreophila N.P.Taylor & Zappi",-18.38,-63.93
"Rhipsalis","Rhipsalis floccosa","Rhipsalis floccosa subsp. oreophila N.P.Taylor & Zappi",-19.85,-63.48
"Rhipsalis","Rhipsalis floccosa","Rhipsalis floccosa subsp. oreophila N.P.Taylor & Zappi",-18.0639,-63.92
"Rhipsalis","Rhipsalis floccosa","Rhipsalis floccosa subsp. oreophila N.P.Taylor & Zappi",-19.75,-63.6
"Rhipsalis","Rhipsalis floccosa","Rhipsalis floccosa subsp. oreophila N.P.Taylor & Zappi",-18.17,-63.55
"Rhipsalis","Rhipsalis floccosa","Rhipsalis floccosa subsp. oreophila N.P.Taylor & Zappi",3.6,-56.5
"Rhipsalis","Rhipsalis floccosa","Rhipsalis floccosa subsp. oreophila N.P.Taylor & Zappi",-18.17,-63.8917
"Rhipsalis","Rhipsalis floccosa","Rhipsalis floccosa subsp. oreophila N.P.Taylor & Zappi",-18.17,-63.83
"Rhipsalis","Rhipsalis floccosa","Rhipsalis floccosa subsp. oreophila N.P.Taylor & Zappi",-24.58,-64.7
"Rhipsalis","Rhipsalis floccosa","Rhipsalis floccosa Salm-Dyck ex Pfeiff.",-10.989804,-75.336369
"Rhipsalis","Rhipsalis floccosa","Rhipsalis floccosa subsp. oreophila N.P.Taylor & Zappi",-19.3114,-64.0897
"Rhipsalis","Rhipsalis floccosa","Rhipsalis floccosa subsp. oreophila N.P.Taylor & Zappi",-17.83,-64.4
"Rhipsalis","Rhipsalis floccosa","Rhipsalis floccosa subsp. oreophila N.P.Taylor & Zappi",-18.2,-64.2
"Rhipsalis","Rhipsalis floccosa","Rhipsalis floccosa subsp. oreophila N.P.Taylor & Zappi",-15.238889,-42.821111
"Rhipsalis","Rhipsalis floccosa","Rhipsalis floccosa Salm-Dyck ex Pfeiff.",-12.783889,-39.091389
"Rhipsalis","Rhipsalis floccosa","Rhipsalis tucumanensis F.A.C.Weber",-20.7,-64.333
"Rhipsalis","Rhipsalis floccosa","Rhipsalis floccosa Salm-Dyck ex Pfeiff.",-21.387778,-42.935833
"Rhipsalis","Rhipsalis floccosa","Rhipsalis floccosa subsp. pulvinigera (G.Lindb.) Barthlott & N.P.Taylor",-20.420556,-41.842222
"Rhipsalis","Rhipsalis floccosa","Rhipsalis floccosa subsp. pulvinigera (G.Lindb.) Barthlott & N.P.Taylor",-20.7375,-42.475
"Rhipsalis","Rhipsalis floccosa","Rhipsalis floccosa Salm-Dyck ex Pfeiff.",-20.876389,-42.523333
"Rhipsalis","Rhipsalis floccosa","Rhipsalis floccosa subsp. pulvinigera (G.Lindb.) Barthlott & N.P.Taylor",-22.120889,-44.739222
"Rhipsalis","Rhipsalis floccosa","Rhipsalis floccosa subsp. pulvinigera (G.Lindb.) Barthlott & N.P.Taylor",-20.87,-41.846667
"Rhipsalis","Rhipsalis floccosa","Rhipsalis floccosa Salm-Dyck ex Pfeiff.",-15.181389,-39.351389
"Rhipsalis","Rhipsalis floccosa","Rhipsalis floccosa Salm-Dyck ex Pfeiff.",-15.189167,-39.385
"Rhipsalis","Rhipsalis floccosa","Rhipsalis floccosa Salm-Dyck ex Pfeiff.",-25.620861,-54.469972
"Rhipsalis","Rhipsalis floccosa","Rhipsalis floccosa subsp. tucumanensis (F.A.C.Weber) Barthlott & N.P.Taylor",-21.0928,-64.2728
"Rhipsalis","Rhipsalis floccosa","Rhipsalis floccosa subsp. tucumanensis (F.A.C.Weber) Barthlott & N.P.Taylor",-19.8144,-63.7194
"Rhipsalis","Rhipsalis floccosa","Rhipsalis floccosa subsp. tucumanensis (F.A.C.Weber) Barthlott & N.P.Taylor",-26.1667,-55.2833
"Rhipsalis","Rhipsalis floccosa","Rhipsalis floccosa subsp. pulvinigera (G.Lindb.) Barthlott & N.P.Taylor",-20.526028,-41.0845
"Rhipsalis","Rhipsalis floccosa","Rhipsalis floccosa subsp. pulvinigera (G.Lindb.) Barthlott & N.P.Taylor",-19.925,-40.555722
"Rhipsalis","Rhipsalis floccosa","Rhipsalis pulvinigera G.Lindb.",-25.234872,-50.012929
"Rhipsalis","Rhipsalis floccosa","Rhipsalis floccosa subsp. floccosa",-14.7819,-39.0692
"Rhipsalis","Rhipsalis floccosa","Rhipsalis pulvinigera G.Lindb.",-25.0280711,-50.5848862
"Rhipsalis","Rhipsalis floccosa","Rhipsalis pulvinigera G.Lindb.",-10.6875,-37.3889
"Rhipsalis","Rhipsalis floccosa","Rhipsalis pulvinigera G.Lindb.",-25.4332793,-50.0070484
"Rhipsalis","Rhipsalis floccosa","Rhipsalis floccosa Salm-Dyck ex Pfeiff.",-18.17,-63.78
"Rhipsalis","Rhipsalis floccosa","Rhipsalis pulvinigera G.Lindb.",-27.619514,-48.6277628
"Rhipsalis","Rhipsalis floccosa","Rhipsalis pulvinigera G.Lindb.",-25.799321,-49.13368
"Rhipsalis","Rhipsalis floccosa","Rhipsalis floccosa Salm-Dyck ex Pfeiff.",-19.83305,-43.726389
"Rhipsalis","Rhipsalis floccosa","Rhipsalis floccosa Salm-Dyck ex Pfeiff.",-19.391522,-43.566908
"Rhipsalis","Rhipsalis floccosa","Rhipsalis pulvinigera G.Lindb.",-25.507775,-49.048057
"Rhipsalis","Rhipsalis floccosa","Rhipsalis pulvinigera G.Lindb.",-25.5385842,-49.2069932
"Rhipsalis","Rhipsalis floccosa","Rhipsalis pulvinigera G.Lindb.",-22.363351,-44.597782
"Rhipsalis","Rhipsalis floccosa","Rhipsalis floccosa Salm-Dyck ex Pfeiff.",-27.769915,-55.781126
"Rhipsalis","Rhipsalis floccosa","Rhipsalis floccosa Salm-Dyck ex Pfeiff.",-18.1417,-64
"Rhipsalis","Rhipsalis floccosa","Rhipsalis floccosa subsp. floccosa",-14.7728,-39.5378
"Rhipsalis","Rhipsalis floccosa","Rhipsalis floccosa Salm-Dyck ex Pfeiff.",-17.7916,-63.180683
"Rhipsalis","Rhipsalis floccosa","Rhipsalis floccosa Salm-Dyck ex Pfeiff.",-20.37515,-40.65793
"Rhipsalis","Rhipsalis floccosa","Rhipsalis floccosa Salm-Dyck ex Pfeiff.",-19.96533,-40.54038
"Rhipsalis","Rhipsalis floccosa","Rhipsalis floccosa Salm-Dyck ex Pfeiff.",-19.96697,-40.5405
"Rhipsalis","Rhipsalis floccosa","Rhipsalis floccosa Salm-Dyck ex Pfeiff.",-27.001389,-48.637778
"Rhipsalis","Rhipsalis floccosa","Rhipsalis floccosa Salm-Dyck ex Pfeiff.",-25.922694,-51.857694
"Rhipsalis","Rhipsalis floccosa","Rhipsalis floccosa Salm-Dyck ex Pfeiff.",-25.972611,-51.852028
"Rhipsalis","Rhipsalis floccosa","Rhipsalis floccosa Salm-Dyck ex Pfeiff.",-22.925589,-48.458636
"Rhipsalis","Rhipsalis floccosa","Rhipsalis floccosa Salm-Dyck ex Pfeiff.",-20.306111,-46.523333
"Rhipsalis","Rhipsalis floccosa","Rhipsalis pulvinigera G.Lindb.",0.803056,-61.6608
"Rhipsalis","Rhipsalis floccosa","Rhipsalis floccosa Salm-Dyck ex Pfeiff.",-22.883333,-48.483333
"Rhipsalis","Rhipsalis floccosa","Rhipsalis floccosa Salm-Dyck ex Pfeiff.",-9.970525,-36.516219
"Rhipsalis","Rhipsalis floccosa","Rhipsalis floccosa Salm-Dyck ex Pfeiff.",-9.534075,-36.794011
"Rhipsalis","Rhipsalis floccosa","Rhipsalis floccosa Salm-Dyck ex Pfeiff.",-9.755408,-36.656181
"Rhipsalis","Rhipsalis floccosa","Rhipsalis floccosa Salm-Dyck ex Pfeiff.",-9.436506,-36.507522
"Rhipsalis","Rhipsalis floccosa","Rhipsalis floccosa Salm-Dyck ex Pfeiff.",-9.527539,-36.571675
"Rhipsalis","Rhipsalis floccosa","Rhipsalis floccosa Salm-Dyck ex Pfeiff.",-22.705833,-44.637944
"Rhipsalis","Rhipsalis floccosa","Rhipsalis floccosa Salm-Dyck ex Pfeiff.",-13.549972,-39.948583
"Rhipsalis","Rhipsalis floccosa","Rhipsalis floccosa Salm-Dyck ex Pfeiff.",-22.451667,-43.007333
"Rhipsalis","Rhipsalis floccosa","Rhipsalis floccosa Salm-Dyck ex Pfeiff.",-16.402806,-40.040417
"Rhipsalis","Rhipsalis floccosa","Rhipsalis floccosa Salm-Dyck ex Pfeiff.",-22.436083,-42.522444
"Rhipsalis","Rhipsalis floccosa","Rhipsalis floccosa subsp. pulvinigera (G.Lindb.) Barthlott & N.P.Taylor",-22.1,-44.766667
"Rhipsalis","Rhipsalis floccosa","Rhipsalis floccosa Salm-Dyck ex Pfeiff.",-19.272222,-43.554333
"Rhipsalis","Rhipsalis floccosa","Rhipsalis floccosa subsp. pulvinigera (G.Lindb.) Barthlott & N.P.Taylor",-19.254722,-43.546917
"Rhipsalis","Rhipsalis floccosa","Rhipsalis floccosa Salm-Dyck ex Pfeiff.",-20.666667,-43.666667
"Rhipsalis","Rhipsalis floccosa","Rhipsalis floccosa Salm-Dyck ex Pfeiff.",-26.943055,-49.378889
"Rhipsalis","Rhipsalis floccosa","Rhipsalis floccosa Salm-Dyck ex Pfeiff.",-8.161217,-35.7638
"Rhipsalis","Rhipsalis floccosa","Rhipsalis floccosa Salm-Dyck ex Pfeiff.",-21.970833,-46.370278
"Rhipsalis","Rhipsalis floccosa","Rhipsalis floccosa Salm-Dyck ex Pfeiff.",-21.976667,-46.370556
"Rhipsalis","Rhipsalis floccosa","Rhipsalis gibberula F.A.C.Weber",39.8676,-75.6705
"Rhipsalis","Rhipsalis floccosa","Rhipsalis floccosa Salm-Dyck ex Pfeiff.",-24.061944,-50.707222
"Rhipsalis","Rhipsalis floccosa","Rhipsalis floccosa Salm-Dyck ex Pfeiff.",-25.907778,-51.595278
"Rhipsalis","Rhipsalis floccosa","Rhipsalis floccosa subsp. pulvinigera (G.Lindb.) Barthlott & N.P.Taylor",-21.975556,-43.891389
"Rhipsalis","Rhipsalis floccosa","Rhipsalis floccosa subsp. pulvinigera (G.Lindb.) Barthlott & N.P.Taylor",-20.876389,-42.523333
"Rhipsalis","Rhipsalis floccosa","Rhipsalis floccosa subsp. pulvinigera (G.Lindb.) Barthlott & N.P.Taylor",-20.724167,-42.483056
"Rhipsalis","Rhipsalis floccosa","Rhipsalis floccosa subsp. pulvinigera (G.Lindb.) Barthlott & N.P.Taylor",-20.5825,-42.378889
"Rhipsalis","Rhipsalis floccosa","Rhipsalis floccosa subsp. pulvinigera (G.Lindb.) Barthlott & N.P.Taylor",-20.678056,-42.445
"Rhipsalis","Rhipsalis floccosa","Rhipsalis floccosa subsp. pulvinigera (G.Lindb.) Barthlott & N.P.Taylor",-22.158889,-44.792222
"Rhipsalis","Rhipsalis floccosa","Rhipsalis floccosa subsp. pulvinigera (G.Lindb.) Barthlott & N.P.Taylor",-20.374722,-41.820556
"Rhipsalis","Rhipsalis floccosa","Rhipsalis floccosa subsp. pulvinigera (G.Lindb.) Barthlott & N.P.Taylor",-22.441111,-44.621111
"Rhipsalis","Rhipsalis floccosa","Rhipsalis floccosa subsp. pulvinigera (G.Lindb.) Barthlott & N.P.Taylor",-20.406944,-41.836944
"Rhipsalis","Rhipsalis floccosa","Rhipsalis floccosa subsp. pulvinigera (G.Lindb.) Barthlott & N.P.Taylor",-20.42,-41.846667
"Rhipsalis","Rhipsalis floccosa","Rhipsalis floccosa subsp. pulvinigera (G.Lindb.) Barthlott & N.P.Taylor",-22.44,-44.616667
"Rhipsalis","Rhipsalis floccosa","Rhipsalis floccosa Salm-Dyck ex Pfeiff.",-26,-49.95
"Rhipsalis","Rhipsalis floccosa","Rhipsalis floccosa subsp. pulvinigera (G.Lindb.) Barthlott & N.P.Taylor",-21.710278,-43.895555
"Rhipsalis","Rhipsalis floccosa","Rhipsalis floccosa Salm-Dyck ex Pfeiff.",-21.069444,-44.115556
"Rhipsalis","Rhipsalis floccosa","Rhipsalis floccosa subsp. pulvinigera (G.Lindb.) Barthlott & N.P.Taylor",-21.967778,-46.370556
"Rhipsalis","Rhipsalis floccosa","Rhipsalis floccosa subsp. pulvinigera (G.Lindb.) Barthlott & N.P.Taylor",-27.878889,-48.761944
"Rhipsalis","Rhipsalis floccosa","Rhipsalis floccosa subsp. pulvinigera (G.Lindb.) Barthlott & N.P.Taylor",-27.89134,-48.68592
"Rhipsalis","Rhipsalis floccosa","Rhipsalis floccosa Salm-Dyck ex Pfeiff.",-15.205833,-39.385278
"Rhipsalis","Rhipsalis floccosa","Rhipsalis floccosa Salm-Dyck ex Pfeiff.",-28.17,-49.322222
"Rhipsalis","Rhipsalis floccosa","Rhipsalis floccosa Salm-Dyck ex Pfeiff.",-28.08,-48.87
"Rhipsalis","Rhipsalis floccosa","Rhipsalis floccosa Salm-Dyck ex Pfeiff.",-27.45,-49.05
"Rhipsalis","Rhipsalis floccosa","Rhipsalis floccosa Salm-Dyck ex Pfeiff.",-22.433333,-42.833333
"Rhipsalis","Rhipsalis floccosa","Rhipsalis floccosa subsp. pulvinigera (G.Lindb.) Barthlott & N.P.Taylor",-21.722222,-43.904444
"Rhipsalis","Rhipsalis floccosa","Rhipsalis floccosa subsp. pulvinigera (G.Lindb.) Barthlott & N.P.Taylor",-21.716667,-43.883333
"Rhipsalis","Rhipsalis floccosa","Rhipsalis floccosa Salm-Dyck ex Pfeiff.",-22.333333,-42.5
"Rhipsalis","Rhipsalis floccosa","Rhipsalis floccosa subsp. pulvinigera (G.Lindb.) Barthlott & N.P.Taylor",-22.25,-44.566667
"Rhipsalis","Rhipsalis floccosa","Rhipsalis floccosa Salm-Dyck ex Pfeiff.",-23,-45
"Rhipsalis","Rhipsalis floccosa","Rhipsalis floccosa Salm-Dyck ex Pfeiff.",-22.942778,-43.287778
"Rhipsalis","Rhipsalis floccosa","Rhipsalis floccosa subsp. pulvinigera (G.Lindb.) Barthlott & N.P.Taylor",-22.438055,-42.529722
"Rhipsalis","Rhipsalis floccosa","Rhipsalis floccosa subsp. pulvinigera (G.Lindb.) Barthlott & N.P.Taylor",-22.436111,-42.524722
"Rhipsalis","Rhipsalis floccosa","Rhipsalis floccosa subsp. pulvinigera (G.Lindb.) Barthlott & N.P.Taylor",-22.436944,-42.504444
"Rhipsalis","Rhipsalis floccosa","Rhipsalis floccosa Salm-Dyck ex Pfeiff.",-22.438055,-42.525833
"Rhipsalis","Rhipsalis floccosa","Rhipsalis floccosa subsp. pulvinigera (G.Lindb.) Barthlott & N.P.Taylor",-22.340278,-44.594167
"Rhipsalis","Rhipsalis floccosa","Rhipsalis floccosa subsp. pulvinigera (G.Lindb.) Barthlott & N.P.Taylor",-22.34,-44.594167
"Rhipsalis","Rhipsalis floccosa","Rhipsalis floccosa subsp. pulvinigera (G.Lindb.) Barthlott & N.P.Taylor",-22.337778,-44.618056
"Rhipsalis","Rhipsalis floccosa","Rhipsalis floccosa subsp. pulvinigera (G.Lindb.) Barthlott & N.P.Taylor",-21.723056,-44.985555
"Rhipsalis","Rhipsalis floccosa","Rhipsalis floccosa subsp. pulvinigera (G.Lindb.) Barthlott & N.P.Taylor",-20.380556,-41.465278
"Rhipsalis","Rhipsalis floccosa","Rhipsalis floccosa subsp. pulvinigera (G.Lindb.) Barthlott & N.P.Taylor",-20.085555,-43.485
"Rhipsalis","Rhipsalis floccosa","Rhipsalis floccosa Salm-Dyck ex Pfeiff.",-25.225611,-53.866222
"Rhipsalis","Rhipsalis floccosa","Rhipsalis floccosa Salm-Dyck ex Pfeiff.",-25.483333,-48.983333
"Rhipsalis","Rhipsalis floccosa","Rhipsalis floccosa Salm-Dyck ex Pfeiff.",-20.197222,-43.605
"Rhipsalis","Rhipsalis floccosa","Rhipsalis floccosa Salm-Dyck ex Pfeiff.",-20.228611,-43.848611
"Rhipsalis","Rhipsalis floccosa","Rhipsalis floccosa Salm-Dyck ex Pfeiff.",-24.063333,-50.701389
"Rhipsalis","Rhipsalis floccosa","Rhipsalis floccosa Salm-Dyck ex Pfeiff.",-21.627092,-44.919525
"Rhipsalis","Rhipsalis floccosa","Rhipsalis tucumanensis F.A.C.Weber",-20.400278,-63.929722
"Rhipsalis","Rhipsalis floccosa","Rhipsalis floccosa Salm-Dyck ex Pfeiff.",-19.07611,-64.09861
"Rhipsalis","Rhipsalis floccosa","Rhipsalis floccosa subsp. tucumanensis (F.A.C.Weber) Barthlott & N.P.Taylor",-16.69527,-66.72083
"Rhipsalis","Rhipsalis floccosa","Rhipsalis floccosa subsp. tucumanensis (F.A.C.Weber) Barthlott & N.P.Taylor",-21.09277,-64.27277
"Rhipsalis","Rhipsalis floccosa","Rhipsalis floccosa Salm-Dyck ex Pfeiff.",-25.91666,-56.25
"Rhipsalis","Rhipsalis floccosa","Rhipsalis floccosa subsp. pulvinigera (G.Lindb.) Barthlott & N.P.Taylor",-23.76666,-46.35
"Rhipsalis","Rhipsalis floccosa","Rhipsalis tucumanensis F.A.C.Weber",-24.58333,-64.7
"Rhipsalis","Rhipsalis floccosa","Rhipsalis floccosa subsp. tucumanensis (F.A.C.Weber) Barthlott & N.P.Taylor",-22.08333,-64.41666
"Rhipsalis","Rhipsalis floccosa","Rhipsalis floccosa subsp. tucumanensis (F.A.C.Weber) Barthlott & N.P.Taylor",-22.16666,-64.43333
"Rhipsalis","Rhipsalis floccosa","Rhipsalis floccosa subsp. tucumanensis (F.A.C.Weber) Barthlott & N.P.Taylor",-22.2,-64.533333
"Rhipsalis","Rhipsalis floccosa","Rhipsalis floccosa subsp. tucumanensis (F.A.C.Weber) Barthlott & N.P.Taylor",-22.366667,-64.483333
"Rhipsalis","Rhipsalis floccosa","Rhipsalis floccosa subsp. tucumanensis (F.A.C.Weber) Barthlott & N.P.Taylor",-16.2,-67.78333
"Rhipsalis","Rhipsalis floccosa","Rhipsalis floccosa subsp. tucumanensis (F.A.C.Weber) Barthlott & N.P.Taylor",-17.88333,-64.26666
"Rhipsalis","Rhipsalis floccosa","Rhipsalis floccosa subsp. tucumanensis (F.A.C.Weber) Barthlott & N.P.Taylor",-23.63333,-64.93333
"Rhipsalis","Rhipsalis floccosa","Rhipsalis floccosa subsp. tucumanensis (F.A.C.Weber) Barthlott & N.P.Taylor",-23.73333,-64.83333
"Rhipsalis","Rhipsalis floccosa","Rhipsalis floccosa Salm-Dyck ex Pfeiff.",-27.2,-54.01666
"Rhipsalis","Rhipsalis floccosa","Rhipsalis tucumanensis F.A.C.Weber",-16.63,-66.74111
"Rhipsalis","Rhipsalis floccosa","Rhipsalis floccosa Salm-Dyck ex Pfeiff.",-23.08333,-57.41666
"Rhipsalis","Rhipsalis floccosa","Rhipsalis floccosa Salm-Dyck ex Pfeiff.",-23.510556,-58.782222
"Rhipsalis","Rhipsalis floccosa","Rhipsalis floccosa Salm-Dyck ex Pfeiff.",-18.10833,-63.95
"Rhipsalis","Rhipsalis floccosa","Rhipsalis floccosa Salm-Dyck ex Pfeiff.",-19.85,-63.48333
"Rhipsalis","Rhipsalis floccosa","Rhipsalis tucumanensis F.A.C.Weber",-17.71,-64.70138
"Rhipsalis","Rhipsalis floccosa","Rhipsalis floccosa Salm-Dyck ex Pfeiff.",-18.301944,-63.677222
"Rhipsalis","Rhipsalis floccosa","Rhipsalis floccosa Salm-Dyck ex Pfeiff.",-18.989722,-64.031111
"Rhipsalis","Rhipsalis floccosa","Rhipsalis floccosa Salm-Dyck ex Pfeiff.",-18.311111,-64.117222
"Rhipsalis","Rhipsalis floccosa","Rhipsalis floccosa Salm-Dyck ex Pfeiff.",-18.490555,-64.255
"Rhipsalis","Rhipsalis floccosa","Rhipsalis floccosa Salm-Dyck ex Pfeiff.",-18.32,-64.239722
"Rhipsalis","Rhipsalis floccosa","Rhipsalis floccosa Salm-Dyck ex Pfeiff.",-15.2275,-68.761111
"Rhipsalis","Rhipsalis floccosa","Rhipsalis floccosa Salm-Dyck ex Pfeiff.",-17.5,-61.5
"Rhipsalis","Rhipsalis floccosa","Rhipsalis pulvinigera G.Lindb.",-27,-50
"Rhipsalis","Rhipsalis floccosa","Rhipsalis floccosa Salm-Dyck ex Pfeiff.",-25.206111,-49.115
"Rhipsalis","Rhipsalis floccosa","Rhipsalis floccosa Salm-Dyck ex Pfeiff.",-9.388897,-36.721311
"Rhipsalis","Rhipsalis floccosa","Rhipsalis floccosa Salm-Dyck ex Pfeiff.",-10.523519,-36.610469
"Rhipsalis","Rhipsalis floccosa","Rhipsalis floccosa Salm-Dyck ex Pfeiff.",-14.7025,-39.603889
"Rhipsalis","Rhipsalis floccosa","Rhipsalis floccosa Salm-Dyck ex Pfeiff.",-25.187694,-53.871972
"Rhipsalis","Rhipsalis floccosa","Rhipsalis floccosa Salm-Dyck ex Pfeiff.",-24.33333,-55
"Rhipsalis","Rhipsalis floccosa","Rhipsalis floccosa Salm-Dyck ex Pfeiff.",-25.5,-55
"Rhipsalis","Rhipsalis floccosa","Rhipsalis floccosa Salm-Dyck ex Pfeiff.",-25.5,-57.5
"Rhipsalis","Rhipsalis floccosa","Rhipsalis floccosa Salm-Dyck ex Pfeiff.",-25,-57
"Rhipsalis","Rhipsalis floccosa","Rhipsalis floccosa Salm-Dyck ex Pfeiff.",-22.1,-44.766667
"Rhipsalis","Rhipsalis floccosa","Rhipsalis floccosa Salm-Dyck ex Pfeiff.",-18.218611,-43.340364
"Rhipsalis","Rhipsalis floccosa","Rhipsalis floccosa subsp. floccosa",-20.187444,-40.306056
"Rhipsalis","Rhipsalis floccosa","Rhipsalis floccosa Salm-Dyck ex Pfeiff.",-20.939444,-41.550556
"Rhipsalis","Rhipsalis floccosa","Rhipsalis floccosa Salm-Dyck ex Pfeiff.",-18.263889,-39.803889
"Rhipsalis","Rhipsalis floccosa","Rhipsalis floccosa subsp. floccosa",-14.804722,-39.1575
"Rhipsalis","Rhipsalis floccosa","Rhipsalis floccosa Salm-Dyck ex Pfeiff.",-13.524167,-41.948056
"Rhipsalis","Rhipsalis floccosa","Rhipsalis floccosa subsp. pulvinigera (G.Lindb.) Barthlott & N.P.Taylor",-21.722944,-44.985675
"Rhipsalis","Rhipsalis floccosa","Rhipsalis floccosa Salm-Dyck ex Pfeiff.",-25.132222,-49.333333
"Rhipsalis","Rhipsalis floccosa","Rhipsalis floccosa Salm-Dyck ex Pfeiff.",-22.416667,-42.983333
"Rhipsalis","Rhipsalis floccosa","Rhipsalis floccosa Salm-Dyck ex Pfeiff.",-22.8375,-46.511111
"Rhipsalis","Rhipsalis floccosa","Rhipsalis floccosa subsp. hohenauensis (F.Ritter) Barthlott & N.P.Taylor",-23.425556,-51.932778
"Rhipsalis","Rhipsalis floccosa","Rhipsalis floccosa Salm-Dyck ex Pfeiff.",-23.824167,-46.941722
"Rhipsalis","Rhipsalis floccosa","Rhipsalis floccosa Salm-Dyck ex Pfeiff.",-23.516667,-45.033333
"Rhipsalis","Rhipsalis floccosa","Rhipsalis floccosa Salm-Dyck ex Pfeiff.",-23.23,-46.918778
"Rhipsalis","Rhipsalis floccosa","Rhipsalis floccosa Salm-Dyck ex Pfeiff.",-18.951247,-43.72965
"Rhipsalis","Rhipsalis floccosa","Rhipsalis floccosa Salm-Dyck ex Pfeiff.",-29.369444,-49.849722
"Rhipsalis","Rhipsalis floccosa","Rhipsalis floccosa Salm-Dyck ex Pfeiff.",-27.001944,-51.405833
"Rhipsalis","Rhipsalis floccosa","Rhipsalis floccosa subsp. pulvinigera (G.Lindb.) Barthlott & N.P.Taylor",-22.7553,-46.1447
"Rhipsalis","Rhipsalis floccosa","Rhipsalis floccosa subsp. pulvinigera (G.Lindb.) Barthlott & N.P.Taylor",-22.733333,-46.133333
"Rhipsalis","Rhipsalis floccosa","Rhipsalis floccosa subsp. pulvinigera (G.Lindb.) Barthlott & N.P.Taylor",-22.9056,-47.065751
"Rhipsalis","Rhipsalis floccosa","Rhipsalis floccosa subsp. pulvinigera (G.Lindb.) Barthlott & N.P.Taylor",-24.2814,-47.4597
"Rhipsalis","Rhipsalis floccosa","Rhipsalis floccosa Salm-Dyck ex Pfeiff.",-11.8,-37.6
"Rhipsalis","Rhipsalis floccosa","Rhipsalis floccosa Salm-Dyck ex Pfeiff.",-15.161944,-39.538889
"Rhipsalis","Rhipsalis floccosa","Rhipsalis floccosa Salm-Dyck ex Pfeiff.",-12.25,-38.966667
"Rhipsalis","Rhipsalis floccosa","Rhipsalis floccosa Salm-Dyck ex Pfeiff.",-13.125833,-41.75
"Rhipsalis","Rhipsalis floccosa","Rhipsalis floccosa Salm-Dyck ex Pfeiff.",-10.6875,-37.388889
"Rhipsalis","Rhipsalis floccosa","Rhipsalis pulvinigera G.Lindb.",-25.38075,-49.119972
"Rhipsalis","Rhipsalis floccosa","Rhipsalis floccosa Salm-Dyck ex Pfeiff.",-21.069472,-44.115528
"Rhipsalis","Rhipsalis floccosa","Rhipsalis floccosa subsp. hohenauensis (F.Ritter) Barthlott & N.P.Taylor",-24.35,-50.583333
"Rhipsalis","Rhipsalis floccosa","Rhipsalis floccosa Salm-Dyck ex Pfeiff.",-23.416667,-51.916667
"Rhipsalis","Rhipsalis floccosa","Rhipsalis floccosa Salm-Dyck, 1837",-14.800472,-39.1575
"Rhipsalis","Rhipsalis floccosa","Rhipsalis floccosa subsp. floccosa",-8.187333,-36.417722
"Rhipsalis","Rhipsalis floccosa","Rhipsalis floccosa subsp. floccosa",-6.963333,-35.691389
"Rhipsalis","Rhipsalis floccosa","Rhipsalis floccosa subsp. floccosa",-7.25,-35.5
"Rhipsalis","Rhipsalis floccosa","Rhipsalis floccosa Salm-Dyck ex Pfeiff.",-22.25,-49.5
"Rhipsalis","Rhipsalis floccosa","Rhipsalis floccosa Salm-Dyck ex Pfeiff.",-19.930556,-40.685278
"Rhipsalis","Rhipsalis floccosa","Rhipsalis floccosa Salm-Dyck ex Pfeiff.",-20.056667,-40.548611
"Rhipsalis","Rhipsalis floccosa","Rhipsalis floccosa Salm-Dyck ex Pfeiff.",-19.25,-43.516667
"Rhipsalis","Rhipsalis floccosa","Rhipsalis floccosa subsp. pulvinigera (G.Lindb.) Barthlott & N.P.Taylor",-19.076667,-43.547222
"Rhipsalis","Rhipsalis floccosa","Rhipsalis floccosa subsp. pulvinigera (G.Lindb.) Barthlott & N.P.Taylor",-22.710833,-45.931667
"Rhipsalis","Rhipsalis floccosa","Rhipsalis floccosa subsp. pulvinigera (G.Lindb.) Barthlott & N.P.Taylor",-19.816667,-43.666667
"Rhipsalis","Rhipsalis floccosa","Rhipsalis floccosa Salm-Dyck ex Pfeiff.",-22.866667,-48.433333
"Rhipsalis","Rhipsalis floccosa","Rhipsalis floccosa subsp. floccosa",-6.966667,-35.7
"Rhipsalis","Rhipsalis floccosa","Rhipsalis floccosa Salm-Dyck ex Pfeiff.",-23.541667,-45.058333
"Rhipsalis","Rhipsalis floccosa","Rhipsalis floccosa Salm-Dyck ex Pfeiff.",-23.539722,-48.780278
"Rhipsalis","Rhipsalis floccosa","Rhipsalis floccosa Salm-Dyck ex Pfeiff.",-25.433333,-49.233333
"Rhipsalis","Rhipsalis floccosa","Rhipsalis pulvinigera G.Lindb.",-25.483333,-48.983333
"Rhipsalis","Rhipsalis floccosa","Rhipsalis floccosa subsp. floccosa",-14.800472,-39.1575
"Rhipsalis","Rhipsalis floccosa","Rhipsalis floccosa Salm-Dyck ex Pfeiff.",-26.061889,-48.623806
"Rhipsalis","Rhipsalis floccosa","Rhipsalis floccosa Salm-Dyck ex Pfeiff.",-24.532667,-52.43475
"Rhipsalis","Rhipsalis floccosa","Rhipsalis floccosa Salm-Dyck ex Pfeiff.",-25.03925,-51.526306
"Rhipsalis","Rhipsalis floccosa","Rhipsalis floccosa Salm-Dyck ex Pfeiff.",-22.590555,-45.312222
"Rhipsalis","Rhipsalis floccosa","Rhipsalis floccosa Salm-Dyck ex Pfeiff.",-26.640278,-49.590555
"Rhipsalis","Rhipsalis floccosa","Rhipsalis floccosa Salm-Dyck ex Pfeiff.",-22.24025,-45.237278
"Rhipsalis","Rhipsalis floccosa","Rhipsalis floccosa Salm-Dyck ex Pfeiff.",-22.240806,-45.223389
"Rhipsalis","Rhipsalis floccosa","Rhipsalis floccosa Salm-Dyck ex Pfeiff.",-14.167222,-39.722222
"Rhipsalis","Rhipsalis floccosa","Rhipsalis floccosa Salm-Dyck, 1837",-11.333333,-40.516667
"Rhipsalis","Rhipsalis floccosa","Rhipsalis floccosa Salm-Dyck, 1837",-11.8,-37.6
"Rhipsalis","Rhipsalis floccosa","Rhipsalis floccosa Salm-Dyck ex Pfeiff.",-12.809722,-41.383333
"Rhipsalis","Rhipsalis floccosa","Rhipsalis floccosa Salm-Dyck ex Pfeiff.",-12.466667,-41.45
"Rhipsalis","Rhipsalis floccosa","Rhipsalis floccosa Salm-Dyck ex Pfeiff.",-13.125833,-41.758056
"Rhipsalis","Rhipsalis floccosa","Rhipsalis floccosa Salm-Dyck ex Pfeiff.",-12.95,-38.6
"Rhipsalis","Rhipsalis floccosa","Rhipsalis floccosa Salm-Dyck ex Pfeiff.",-14.683333,-39.116667
